{"cameraMode":{"drawMode":0,"name":"Shaded","section":"Shading Mode"},"sceneLighting":false,"audioPlay":false,"sceneViewState":{"m_AlwaysRefresh":false,"showFog":true,"showSkybox":false,"showFlares":true,"showImageEffects":true,"showParticleSystems":true,"showVisualEffectGraphs":true,"m_FxEnabled":true},"in2DMode":false,"pivot":{"x":0.7036010026931763,"y":0.7818089723587036,"z":-0.10781148821115494},"rotation":{"x":0.4245235323905945,"y":-0.16993315517902375,"z":0.08146581798791886,"w":0.8856063485145569},"size":5.036706924438477,"orthographic":false}