{"cameraMode":{"drawMode":0,"name":"Shaded","section":"Shading Mode"},"sceneLighting":true,"audioPlay":false,"sceneViewState":{"m_AlwaysRefresh":false,"showFog":true,"showSkybox":true,"showFlares":true,"showImageEffects":true,"showParticleSystems":true,"showVisualEffectGraphs":true,"m_FxEnabled":true},"in2DMode":false,"pivot":{"x":3.8353686332702638,"y":-4.471351623535156,"z":2.0621871948242189},"rotation":{"x":0.5407610535621643,"y":-0.019412873312830926,"z":0.012483417987823487,"w":0.8408832550048828},"size":22.410600662231447,"orthographic":false}