{"cameraMode":{"drawMode":0,"name":"Shaded","section":"Shading Mode"},"sceneLighting":false,"audioPlay":false,"sceneViewState":{"m_AlwaysRefresh":false,"showFog":true,"showSkybox":false,"showFlares":true,"showImageEffects":true,"showParticleSystems":true,"showVisualEffectGraphs":true,"m_FxEnabled":true},"in2DMode":false,"pivot":{"x":-0.18657423555850984,"y":0.10104978084564209,"z":-0.47303131222724917},"rotation":{"x":-0.021709753200411798,"y":-0.9767083525657654,"z":0.17653174698352815,"w":-0.12014393508434296},"size":0.8291788101196289,"orthographic":false}