{"cameraMode":{"drawMode":0,"name":"Shaded","section":"Shading Mode"},"sceneLighting":false,"audioPlay":false,"sceneViewState":{"m_AlwaysRefresh":false,"showFog":true,"showSkybox":false,"showFlares":true,"showImageEffects":true,"showParticleSystems":true,"showVisualEffectGraphs":true,"m_FxEnabled":true},"in2DMode":false,"pivot":{"x":0.06462156772613526,"y":0.5032461881637573,"z":0.21687054634094239},"rotation":{"x":-0.2738068401813507,"y":-0.1770504117012024,"z":0.05135079100728035,"w":-0.9439725279808044},"size":23.424354553222658,"orthographic":false}