{"cameraMode":{"drawMode":0,"name":"Shaded","section":"Shading Mode"},"sceneLighting":false,"audioPlay":false,"sceneViewState":{"m_AlwaysRefresh":false,"showFog":true,"showSkybox":false,"showFlares":true,"showImageEffects":true,"showParticleSystems":true,"showVisualEffectGraphs":true,"m_FxEnabled":true},"in2DMode":false,"pivot":{"x":0.0057679228484630589,"y":0.0061184405349195,"z":-0.0013049469562247396},"rotation":{"x":0.41721808910369875,"y":0.02128242328763008,"z":-0.009766587056219578,"w":0.90852290391922},"size":2.839099884033203,"orthographic":false}